video_id,title,description,publishedAt,channelId,categoryId,tags,duration,dimension,definition,privacyStatus,publishAt,embeddable,viewCount,likeCount,dislikeCount,commentCount,thumbnailUrl,liveBroadcastContent,defaultLanguage,defaultAudioLanguage
v_3gpp_01,3GPP TS 38.213 PUCCH primer,3GPP TS 38.213 PUCCH primer - sample video.,2025-08-15T10:00:00Z,ch_3gpp_lab,27,"engineering,reference",PT24M18S,2d,hd,public,,true,18500,920,0,115,https://img.youtube.example/v_3gpp_01.jpg,none,en,en
v_3gpp_02,3GPP TS 38.211 channel mapping walk-through,3GPP TS 38.211 channel mapping walk-through - sample video.,2025-08-15T10:00:00Z,ch_3gpp_lab,27,"engineering,reference",PT31M02S,2d,hd,public,,true,14200,712,0,89,https://img.youtube.example/v_3gpp_02.jpg,none,en,en
v_3gpp_03,Small cell PRACH configuration patterns,Small cell PRACH configuration patterns - sample video.,2025-08-15T10:00:00Z,ch_3gpp_lab,27,"engineering,reference",PT19M44S,2d,hd,public,,true,12100,605,0,75,https://img.youtube.example/v_3gpp_03.jpg,none,en,en
v_3gpp_04,Sub-band masking in dense urban densification,Sub-band masking in dense urban densification - sample video.,2025-08-15T10:00:00Z,ch_3gpp_lab,27,"engineering,reference",PT22M11S,2d,hd,public,,true,9800,491,0,61,https://img.youtube.example/v_3gpp_04.jpg,none,en,en
v_3gpp_05,Uplink power control closed loop tuning,Uplink power control closed loop tuning - sample video.,2025-08-15T10:00:00Z,ch_3gpp_lab,27,"engineering,reference",PT28M37S,2d,hd,public,,true,11400,578,0,72,https://img.youtube.example/v_3gpp_05.jpg,none,en,en
v_3gpp_06,Carrier aggregation pitfalls in n78,Carrier aggregation pitfalls in n78 - sample video.,2025-08-15T10:00:00Z,ch_3gpp_lab,27,"engineering,reference",PT26M03S,2d,hd,public,,true,8700,420,0,52,https://img.youtube.example/v_3gpp_06.jpg,none,en,en
v_3gpp_07,PUCCH format selection cheat sheet,PUCCH format selection cheat sheet - sample video.,2025-08-15T10:00:00Z,ch_3gpp_lab,27,"engineering,reference",PT15M21S,2d,hd,public,,true,7600,380,0,47,https://img.youtube.example/v_3gpp_07.jpg,none,en,en
v_3gpp_08,Beam management TS 38.213 section 9,Beam management TS 38.213 section 9 - sample video.,2025-08-15T10:00:00Z,ch_3gpp_lab,27,"engineering,reference",PT34M52S,2d,hd,public,,true,9100,455,0,56,https://img.youtube.example/v_3gpp_08.jpg,none,en,en
v_3gpp_09,PRACH preamble format A versus B,PRACH preamble format A versus B - sample video.,2025-08-15T10:00:00Z,ch_3gpp_lab,27,"engineering,reference",PT20M11S,2d,hd,public,,true,8400,412,0,51,https://img.youtube.example/v_3gpp_09.jpg,none,en,en
v_3gpp_10,TPC step size accumulation mode primer,TPC step size accumulation mode primer - sample video.,2025-08-15T10:00:00Z,ch_3gpp_lab,27,"engineering,reference",PT16M44S,2d,hd,public,,true,6900,340,0,42,https://img.youtube.example/v_3gpp_10.jpg,none,en,en
v_vrad_01,Operator panel on rural densification,Operator panel on rural densification - sample video.,2025-08-15T10:00:00Z,ch_vendor_radios,28,"engineering,reference",PT58M22S,2d,hd,public,,true,7400,320,0,40,https://img.youtube.example/v_vrad_01.jpg,none,en,en
v_vrad_02,RF planning in dense urban small cell deployment,RF planning in dense urban small cell deployment - sample video.,2025-08-15T10:00:00Z,ch_vendor_radios,28,"engineering,reference",PT45M11S,2d,hd,public,,true,6100,270,0,33,https://img.youtube.example/v_vrad_02.jpg,none,en,en
v_vrad_03,Spectrum coordination case study West Africa,Spectrum coordination case study West Africa - sample video.,2025-08-15T10:00:00Z,ch_vendor_radios,28,"engineering,reference",PT41M03S,2d,hd,public,,true,5800,245,0,30,https://img.youtube.example/v_vrad_03.jpg,none,en,en
v_vrad_04,Backhaul radio acceptance testing workflows,Backhaul radio acceptance testing workflows - sample video.,2025-08-15T10:00:00Z,ch_vendor_radios,28,"engineering,reference",PT37M29S,2d,hd,public,,true,4900,198,0,24,https://img.youtube.example/v_vrad_04.jpg,none,en,en
v_vrad_05,Field commissioning runbook patterns,Field commissioning runbook patterns - sample video.,2025-08-15T10:00:00Z,ch_vendor_radios,28,"engineering,reference",PT39M57S,2d,hd,public,,true,5500,219,0,27,https://img.youtube.example/v_vrad_05.jpg,none,en,en
v_vrad_06,Vendor RAN open APIs survey,Vendor RAN open APIs survey - sample video.,2025-08-15T10:00:00Z,ch_vendor_radios,28,"engineering,reference",PT52M14S,2d,hd,public,,true,6300,282,0,35,https://img.youtube.example/v_vrad_06.jpg,none,en,en
v_vrad_07,Cold start firmware diagnostics walk-through,Cold start firmware diagnostics walk-through - sample video.,2025-08-15T10:00:00Z,ch_vendor_radios,28,"engineering,reference",PT44M22S,2d,hd,public,,true,5100,210,0,26,https://img.youtube.example/v_vrad_07.jpg,none,en,en
v_vrad_08,Antenna alignment drift detection,Antenna alignment drift detection - sample video.,2025-08-15T10:00:00Z,ch_vendor_radios,28,"engineering,reference",PT38M11S,2d,hd,public,,true,4600,188,0,23,https://img.youtube.example/v_vrad_08.jpg,none,en,en
v_kid_01,How phones talk to towers for kids,How phones talk to towers for kids - sample video.,2025-08-15T10:00:00Z,ch_kids_curated,27,"engineering,reference",PT08M22S,2d,hd,public,,true,24500,1230,0,153,https://img.youtube.example/v_kid_01.jpg,none,en,en
v_kid_02,What is a radio wave for primary schoolers,What is a radio wave for primary schoolers - sample video.,2025-08-15T10:00:00Z,ch_kids_curated,27,"engineering,reference",PT06M44S,2d,hd,public,,true,18900,950,0,118,https://img.youtube.example/v_kid_02.jpg,none,en,en
v_kid_03,Year 5 science fair tips,Year 5 science fair tips - sample video.,2025-08-15T10:00:00Z,ch_kids_curated,27,"engineering,reference",PT10M12S,2d,hd,public,,true,15600,784,0,98,https://img.youtube.example/v_kid_03.jpg,none,en,en
v_kid_04,Year 2 reading list read alouds,Year 2 reading list read alouds - sample video.,2025-08-15T10:00:00Z,ch_kids_curated,27,"engineering,reference",PT12M02S,2d,hd,public,,true,13800,691,0,86,https://img.youtube.example/v_kid_04.jpg,none,en,en
v_kid_05,Yoruba folktales storytime,Yoruba folktales storytime - sample video.,2025-08-15T10:00:00Z,ch_kids_curated,27,"engineering,reference",PT15M51S,2d,hd,public,,true,17200,863,0,107,https://img.youtube.example/v_kid_05.jpg,none,en,en
v_kid_06,Football fundamentals for Year 2,Football fundamentals for Year 2 - sample video.,2025-08-15T10:00:00Z,ch_kids_curated,27,"engineering,reference",PT09M44S,2d,hd,public,,true,14100,710,0,88,https://img.youtube.example/v_kid_06.jpg,none,en,en
v_kid_07,Maths multiplication tables Year 5 review,Maths multiplication tables Year 5 review - sample video.,2025-08-15T10:00:00Z,ch_kids_curated,27,"engineering,reference",PT07M28S,2d,hd,public,,true,16800,840,0,105,https://img.youtube.example/v_kid_07.jpg,none,en,en
v_kid_08,Igbo language basics for kids,Igbo language basics for kids - sample video.,2025-08-15T10:00:00Z,ch_kids_curated,27,"engineering,reference",PT11M22S,2d,hd,public,,true,12400,620,0,77,https://img.youtube.example/v_kid_08.jpg,none,en,en
v_kid_09,Hausa numbers one through twenty,Hausa numbers one through twenty - sample video.,2025-08-15T10:00:00Z,ch_kids_curated,27,"engineering,reference",PT05M44S,2d,hd,public,,true,10900,548,0,68,https://img.youtube.example/v_kid_09.jpg,none,en,en
v_kid_10,Year 5 geography map skills,Year 5 geography map skills - sample video.,2025-08-15T10:00:00Z,ch_kids_curated,27,"engineering,reference",PT13M11S,2d,hd,public,,true,11600,582,0,72,https://img.youtube.example/v_kid_10.jpg,none,en,en
v_kid_11,Year 2 phonics blends review,Year 2 phonics blends review - sample video.,2025-08-15T10:00:00Z,ch_kids_curated,27,"engineering,reference",PT08M07S,2d,hd,public,,true,10100,508,0,63,https://img.youtube.example/v_kid_11.jpg,none,en,en
v_kid_12,Year 5 reading reflection walkthrough,Year 5 term two reading reflection - sample video.,2025-08-15T10:00:00Z,ch_kids_curated,27,"reading,reference",PT14M22S,2d,hd,public,,true,14700,738,0,92,https://img.youtube.example/v_kid_12.jpg,none,en,en
v_sci_01,West African ecosystems primer for kids,West African ecosystems primer for kids - sample video.,2025-08-15T10:00:00Z,ch_science_kids,27,"engineering,reference",PT12M44S,2d,hd,public,,true,9300,466,0,58,https://img.youtube.example/v_sci_01.jpg,none,en,en
v_sci_02,How rain forms in tropical climates,How rain forms in tropical climates - sample video.,2025-08-15T10:00:00Z,ch_science_kids,27,"engineering,reference",PT09M22S,2d,hd,public,,true,8600,432,0,54,https://img.youtube.example/v_sci_02.jpg,none,en,en
v_sci_03,Harmattan season explained for kids,Harmattan season explained for kids - sample video.,2025-08-15T10:00:00Z,ch_science_kids,27,"engineering,reference",PT07M44S,2d,hd,public,,true,7900,397,0,49,https://img.youtube.example/v_sci_03.jpg,none,en,en
v_sci_04,Birds of Nigeria primary primer,Birds of Nigeria primary primer - sample video.,2025-08-15T10:00:00Z,ch_science_kids,27,"engineering,reference",PT11M11S,2d,hd,public,,true,7100,358,0,44,https://img.youtube.example/v_sci_04.jpg,none,en,en
v_news_01,Africa telecom weekly digest,Africa telecom weekly digest - sample video.,2025-08-15T10:00:00Z,ch_telco_news,25,"engineering,reference",PT22M11S,2d,hd,public,,true,6800,312,0,39,https://img.youtube.example/v_news_01.jpg,none,en,en
v_news_02,Spectrum allocation reform updates,Spectrum allocation reform updates - sample video.,2025-08-15T10:00:00Z,ch_telco_news,25,"engineering,reference",PT18M44S,2d,hd,public,,true,5900,274,0,34,https://img.youtube.example/v_news_02.jpg,none,en,en
v_news_03,Operator quarterly results round-up,Operator quarterly results round-up - sample video.,2025-08-15T10:00:00Z,ch_telco_news,25,"engineering,reference",PT24M02S,2d,hd,public,,true,6400,295,0,36,https://img.youtube.example/v_news_03.jpg,none,en,en
v_news_04,Rural connectivity pilots across the region,Rural connectivity pilots across the region - sample video.,2025-08-15T10:00:00Z,ch_telco_news,25,"engineering,reference",PT20M11S,2d,hd,public,,true,5500,254,0,31,https://img.youtube.example/v_news_04.jpg,none,en,en
v_news_05,Submarine cable build-out update,Submarine cable build-out update - sample video.,2025-08-15T10:00:00Z,ch_telco_news,25,"engineering,reference",PT16M44S,2d,hd,public,,true,4900,226,0,28,https://img.youtube.example/v_news_05.jpg,none,en,en
v_news_06,Regulator panel highlights,Regulator panel highlights - sample video.,2025-08-15T10:00:00Z,ch_telco_news,25,"engineering,reference",PT19M28S,2d,hd,public,,true,5200,240,0,30,https://img.youtube.example/v_news_06.jpg,none,en,en
v_news_07,Spectrum auction results round-up,Spectrum auction results round-up - sample video.,2025-08-15T10:00:00Z,ch_telco_news,25,"engineering,reference",PT22M55S,2d,hd,public,,true,5700,263,0,32,https://img.youtube.example/v_news_07.jpg,none,en,en
v_news_08,Vendor partnership announcements monthly,Vendor partnership announcements monthly - sample video.,2025-08-15T10:00:00Z,ch_telco_news,25,"engineering,reference",PT17M21S,2d,hd,public,,true,4700,218,0,27,https://img.youtube.example/v_news_08.jpg,none,en,en
v_gard_01,Balcony tomato pots in Abuja heat,Balcony tomato pots in Abuja heat - sample video.,2025-08-15T10:00:00Z,ch_garden_hour,26,"engineering,reference",PT11M44S,2d,hd,public,,true,4400,198,0,24,https://img.youtube.example/v_gard_01.jpg,none,en,en
v_gard_02,Balcony pepper trough tutorial,Balcony pepper trough tutorial - sample video.,2025-08-15T10:00:00Z,ch_garden_hour,26,"engineering,reference",PT09M22S,2d,hd,public,,true,3900,178,0,22,https://img.youtube.example/v_gard_02.jpg,none,en,en
v_gard_03,Mosquito-safe balcony water plants,Mosquito-safe balcony water plants - sample video.,2025-08-15T10:00:00Z,ch_garden_hour,26,"engineering,reference",PT12M11S,2d,hd,public,,true,3600,164,0,20,https://img.youtube.example/v_gard_03.jpg,none,en,en
v_gard_04,Compost in apartment balcony how-to,Compost in apartment balcony how-to - sample video.,2025-08-15T10:00:00Z,ch_garden_hour,26,"engineering,reference",PT14M44S,2d,hd,public,,true,3300,152,0,19,https://img.youtube.example/v_gard_04.jpg,none,en,en
v_gard_05,Balcony herb wall step by step,Balcony herb wall step by step - sample video.,2025-08-15T10:00:00Z,ch_garden_hour,26,"engineering,reference",PT16M22S,2d,hd,public,,true,3100,142,0,17,https://img.youtube.example/v_gard_05.jpg,none,en,en
