review_id,listing_id,guest_name,rating,comment,created_at
rev_ab_001,lst_la_ikeja_04,Sheila,5,Spacious and clean. Great fit for our family of four during a Lagos visit.,2026-04-22T10:00:00Z
rev_ab_002,lst_la_ikeja_02,Sheila,5,Walking distance from my parents in Ikeja GRA. Booked as overflow.,2025-12-29T11:00:00Z
rev_ab_003,lst_la_lekki_02,Sheila,4,Beautiful villa but a longer drive from Ikeja than expected.,2025-10-12T09:00:00Z
rev_ab_004,lst_la_vi_02,Sheila,5,Excellent for the December extended family trip.,2024-12-28T10:00:00Z
rev_ab_005,lst_la_ikoyi_01,Sheila,5,"Quiet, close to Glover Court for an evening out.",2025-06-15T20:00:00Z
rev_ab_006,lst_la_ikeja_04,Sheila,5,"Second stay, just as good as the first. Host responsive.",2025-07-14T11:00:00Z
rev_ab_007,lst_la_ikeja_02,Sheila,4,Solid choice when parents' place is full. Could use better Wi-Fi.,2024-08-22T14:00:00Z
rev_ab_008,lst_la_yaba_01,Sheila,4,Stayed for the conference; quiet and walkable to the tech hub.,2024-11-08T19:00:00Z
rev_ab_009,lst_la_lekki_01,Sheila,5,"Seaside two-bedroom, sunset view was a bonus.",2025-05-04T20:00:00Z
